{ 
    "restartPoint": {},
    "restartBot": {},
    "userAgent": {},
    "keyCommand": "",
    "autoAdd": true,
    "autoJoin": true,
    "autoReject": false,
    "autoLeave": false,
    "autoRead": false,
    "server": {},
    "changePicture": false,
    "changeGroupPicture": false,
    "autoJoinTicket": true,
    "Img": {},
    "Images": {},
    "Addimage": false,
    "SKAdmin": {},
    "SKGfoto": {},
    "SKSDadmin": false,
    "SKSDstaff": false,
    "SKSadmin": false,
    "SKSstaff": false,
    "SKStaff": {},
    "SKautojoin": true,
    "SKautoread": false,
    "SKautoscan": false,
    "SKblacklist": {},
    "SKdblacklist": false,
    "SKfoto": {},
    "SKgreet": {},
    "SKlimit": 1,
    "SKmessage": "Hallo...",
    "SKmessage1": "Minat? Chat http:http://line.me/ti/p/~Radensaid92",
    "SKprotcancel": {},
    "SKprotinvite": {},
    "SKprotkick": {},
    "SKprotqr": {},
    "SKreadMember": {},
    "SKreadPoint": {},
    "SKwblacklist": false
}

 
